,val_loss,val_main_loss,val_aux1_loss,val_aux2_loss,val_main_accuracy,val_aux1_accuracy,val_aux2_accuracy,loss,main_loss,aux1_loss,aux2_loss,main_accuracy,aux1_accuracy,aux2_accuracy,lr
0,4.587005138397217,2.119684934616089,2.133104085922241,2.1308794021606445,0.24859775602817535,0.20062099397182465,0.20622996985912323,4.498679446868407,2.055260181427002,2.257391929626465,2.188451051712036,0.28590744733810425,0.16551482677459717,0.1870492845773697,0.0010000000474974513
1,3.9793758392333984,1.6789389848709106,1.8317813873291016,1.735182523727417,0.3938411772251129,0.34309157729148865,0.3741896152496338,3.9181522833210316,1.6748076677322388,1.9494928121566772,1.8381723165512085,0.40130919218063354,0.2769612669944763,0.3169141113758087,0.0010000000474974513
2,3.9401350021362305,1.6232874393463135,1.7001895904541016,1.6775939464569092,0.42139384150505066,0.37834277749061584,0.3872568905353546,3.6227018649467113,1.5071461200714111,1.7379586696624756,1.6292425394058228,0.45706260204315186,0.3532804846763611,0.3999297618865967,0.0010000000474974513
3,3.545452117919922,1.5331077575683594,1.5340864658355713,1.4996204376220703,0.4573541283607483,0.4376012980937958,0.45320096611976624,3.4249776783571195,1.394533395767212,1.5957611799240112,1.4949085712432861,0.497441828250885,0.4085322916507721,0.4571378529071808,0.0010000000474974513
4,3.8199005126953125,1.5738741159439087,1.6261718273162842,1.5503644943237305,0.45978525280952454,0.42179903388023376,0.45745542645454407,3.258063090555549,1.2966480255126953,1.4791887998580933,1.3885258436203003,0.5357644557952881,0.45906901359558105,0.5012038350105286,0.0010000000474974513
5,3.6337618827819824,1.5027251243591309,1.5032069683074951,1.4868615865707397,0.4603930413722992,0.44469204545021057,0.4528970718383789,3.1451173988238192,1.2331856489181519,1.3967818021774292,1.313275933265686,0.5557785034179688,0.4897421896457672,0.5303972959518433,0.0010000000474974513
6,3.060138463973999,1.219643235206604,1.2818368673324585,1.2455233335494995,0.5595623850822449,0.5402147769927979,0.5489262342453003,3.0338843301249545,1.167439341545105,1.3217285871505737,1.2446321249008179,0.5821880102157593,0.5223715901374817,0.5577347278594971,0.0010000000474974513
7,3.2372050285339355,1.4272278547286987,1.3833038806915283,1.3841384649276733,0.5166126489639282,0.5024310946464539,0.5093193054199219,2.9386680635173668,1.1118104457855225,1.257968783378601,1.1836719512939453,0.6018258333206177,0.5464486479759216,0.5808336734771729,0.0010000000474974513
8,3.030747890472412,1.2374128103256226,1.2284177541732788,1.2196333408355713,0.5600689053535461,0.5506482720375061,0.563209056854248,2.863345377326586,1.0677131414413452,1.2080515623092651,1.1390268802642822,0.6174508333206177,0.563929557800293,0.5992927551269531,0.0010000000474974513
9,2.7847368717193604,1.0913724899291992,1.123779296875,1.1110336780548096,0.5996758341789246,0.595927894115448,0.5996758341789246,2.783368245365149,1.0212204456329346,1.1554498672485352,1.0847008228302002,0.6397722959518433,0.5857242941856384,0.6205858588218689,0.0010000000474974513
10,2.9798898696899414,1.1834704875946045,1.1793208122253418,1.1776416301727295,0.5813411474227905,0.5776944756507874,0.5786061882972717,2.731853284575583,0.9890859723091125,1.1261802911758423,1.055916666984558,0.6504313945770264,0.5990670323371887,0.6315960884094238,0.0010000000474974513
11,3.110344409942627,1.4022557735443115,1.3912848234176636,1.384617567062378,0.5422406792640686,0.5261345505714417,0.5402147769927979,2.677487923666524,0.9592384099960327,1.0887579917907715,1.0199495553970337,0.6611406207084656,0.6134380102157593,0.6444371938705444,0.0010000000474974513
12,3.3755526542663574,1.1676303148269653,1.1794164180755615,1.1572825908660889,0.5946110486984253,0.5792139172554016,0.5956239700317383,2.6197429966199457,0.9235272407531738,1.0572164058685303,0.9836596846580505,0.6732544302940369,0.6274327635765076,0.6581059098243713,0.0010000000474974513
13,2.537050247192383,1.024709701538086,1.0670768022537231,1.0336191654205322,0.6381685733795166,0.618922233581543,0.6383711695671082,2.5762750976158375,0.8995080590248108,1.0265226364135742,0.9559590220451355,0.6809289455413818,0.6357594132423401,0.6654544472694397,0.0010000000474974513
14,2.796384811401367,1.1029242277145386,1.134864330291748,1.0918662548065186,0.6233792304992676,0.5993719696998596,0.6218597888946533,2.527616259374358,0.8699966669082642,0.9993675351142883,0.9284228086471558,0.6903842091560364,0.6455658078193665,0.6751856207847595,0.0010000000474974513
15,2.7581944465637207,1.0522314310073853,1.0938812494277954,1.0520098209381104,0.6338127851486206,0.6076782941818237,0.6309764981269836,2.480510971902079,0.842962920665741,0.9710304141044617,0.8963664174079895,0.7028992772102356,0.6567766666412354,0.6908858418464661,0.0010000000474974513
16,2.6688876152038574,0.9608492851257324,0.9772617816925049,0.9632474184036255,0.6648095846176147,0.6546798944473267,0.6633914113044739,2.433834379787047,0.8153268098831177,0.9424535036087036,0.8674125671386719,0.7105487585067749,0.665630042552948,0.6996890306472778,0.0010000000474974513
17,2.4475061893463135,0.9448891878128052,0.9484254121780396,0.9410725235939026,0.6646069884300232,0.6618719696998596,0.6697731018066406,2.398651981047604,0.794522225856781,0.9229550361633301,0.8479368686676025,0.7196277976036072,0.6776183843612671,0.7068870663642883,0.0010000000474974513
18,2.4899611473083496,1.008658528327942,1.009446620941162,0.9979695081710815,0.655895471572876,0.6486021280288696,0.6606563925743103,2.3634721302871338,0.7746084332466125,0.9011889696121216,0.827146589756012,0.7269261479377747,0.6838633418083191,0.7147873044013977,0.0010000000474974513
19,2.5972232818603516,1.1895498037338257,1.1439154148101807,1.1538645029067993,0.5972447395324707,0.6016004681587219,0.6061588525772095,2.323762808335918,0.7505557537078857,0.8825679421424866,0.8001430034637451,0.7334470152854919,0.6907102465629578,0.7223113775253296,0.0010000000474974513
20,2.6612892150878906,0.9829685688018799,0.973389744758606,0.9663035869598389,0.6683549284934998,0.6604537963867188,0.6702795624732971,2.2882225387169117,0.7309830784797668,0.8569101095199585,0.776470422744751,0.7424257397651672,0.7017204761505127,0.7321679592132568,0.0010000000474974513
21,2.373461961746216,1.0212877988815308,1.009453296661377,1.0129339694976807,0.6501215696334839,0.6475891470909119,0.6520462036132812,2.2619748999563494,0.7151063680648804,0.8453757166862488,0.7628580331802368,0.7483447194099426,0.7065609693527222,0.7368830442428589,0.0010000000474974513
22,2.2689549922943115,0.9066472053527832,0.9276372194290161,0.9087695479393005,0.6869935393333435,0.6785858869552612,0.6905388832092285,2.234815493441317,0.6995713114738464,0.8309940695762634,0.7450928092002869,0.7552417516708374,0.7131571173667908,0.7424759268760681,0.0010000000474974513
23,2.852797508239746,1.0152748823165894,1.0270103216171265,1.0093882083892822,0.6513370871543884,0.6398906111717224,0.6534643173217773,2.2055308945106273,0.6826977133750916,0.811842143535614,0.7293865084648132,0.7587780952453613,0.7166683673858643,0.7476173639297485,0.0010000000474974513
24,2.7642312049865723,0.9810365438461304,0.9699792861938477,0.9755256772041321,0.6703808903694153,0.661264181137085,0.672406792640686,2.1711052860915183,0.6619861125946045,0.7937337756156921,0.7088523507118225,0.7661266326904297,0.7211827635765076,0.7561196088790894,0.0010000000474974513
25,2.587266445159912,0.9429265260696411,0.9344273805618286,0.9304991364479065,0.681422233581543,0.6703808903694153,0.6819286942481995,2.147650302700208,0.6480134129524231,0.7825573682785034,0.6943097710609436,0.7726224064826965,0.7268007397651672,0.7620134353637695,0.0010000000474974513
26,2.674591064453125,0.9500012397766113,0.9143374562263489,0.939937174320221,0.6759521961212158,0.6811183094978333,0.6789910793304443,2.1154916902606407,0.6298314332962036,0.7612115144729614,0.6745485067367554,0.7795445322990417,0.7373595237731934,0.7675060033798218,0.0010000000474974513
27,2.8384571075439453,1.0415432453155518,1.0201462507247925,1.018424153327942,0.6593395471572876,0.6532617211341858,0.6628849506378174,2.1012531750466237,0.6217737197875977,0.7561161518096924,0.6662032008171082,0.779920756816864,0.7361055612564087,0.7708667516708374,0.0010000000474974513
28,2.7894585132598877,0.9208938479423523,0.8991406559944153,0.8991919159889221,0.6908428072929382,0.6880064606666565,0.6949959397315979,2.073580976856654,0.6068658828735352,0.7397174835205078,0.6494722366333008,0.7877457737922668,0.742626428604126,0.7771869897842407,0.0010000000474974513
29,2.2269225120544434,0.942842423915863,0.8912569880485535,0.9107954502105713,0.6880064606666565,0.6924635171890259,0.6895259022712708,2.0480484258305776,0.5918663144111633,0.7225632071495056,0.6359913945198059,0.7915078401565552,0.7503260374069214,0.7818268537521362,0.0010000000474974513
30,2.225935935974121,0.8821730017662048,0.8380547761917114,0.8529121279716492,0.7017828226089478,0.7072528600692749,0.7126215696334839,2.0317054636788408,0.5835067629814148,0.7155280113220215,0.6227098703384399,0.7939406037330627,0.7527086734771729,0.7841843962669373,0.0010000000474974513
31,2.7427175045013428,1.077736496925354,1.0549993515014648,1.0555981397628784,0.6546798944473267,0.6383711695671082,0.6581239700317383,2.01485468870564,0.5719357132911682,0.7102243900299072,0.6150252223014832,0.7989566326141357,0.754915714263916,0.7901785969734192,0.0010000000474974513
32,2.7049999237060547,0.8721482753753662,0.8373440504074097,0.8508630394935608,0.6971231698989868,0.6997568607330322,0.7015802264213562,1.9976972462086195,0.5633010864257812,0.6994059681892395,0.6059233546257019,0.8002608418464661,0.7555928826332092,0.7904544472694397,0.0010000000474974513
33,2.8046321868896484,1.0464473962783813,0.9706997275352478,0.9994630217552185,0.6781806945800781,0.6801053285598755,0.6818273663520813,1.9653915195556935,0.543758749961853,0.6848042607307434,0.5851690173149109,0.8088383078575134,0.76409512758255,0.7982544302940369,0.0010000000474974513
34,2.17193603515625,0.8629196286201477,0.8174439072608948,0.8392042517662048,0.7110008001327515,0.7176864147186279,0.7153565883636475,1.9471539182418038,0.533239483833313,0.6732825636863708,0.5746311545372009,0.8131520748138428,0.7693870663642883,0.8041733503341675,0.0010000000474974513
35,2.4479405879974365,0.9903677701950073,0.9217839241027832,0.9422265291213989,0.6916531324386597,0.6920583248138428,0.693577766418457,1.9333270851337316,0.525456964969635,0.6672026515007019,0.5698326230049133,0.8139797449111938,0.7694371938705444,0.8053019642829895,0.0010000000474974513
36,2.96254563331604,0.9222527742385864,0.8500205874443054,0.8796079754829407,0.7065437436103821,0.7065437436103821,0.7072528600692749,1.9111693682295552,0.5123557448387146,0.6591391563415527,0.5541749000549316,0.8200742602348328,0.7700140476226807,0.8088884353637695,0.0010000000474974513
37,2.267266273498535,0.9562276005744934,0.8827130198478699,0.9253824949264526,0.7055308222770691,0.7077593207359314,0.7048217058181763,1.8867490406403764,0.49785536527633667,0.6456701159477234,0.5417462587356567,0.8243128061294556,0.7769361734390259,0.814957857131958,0.0010000000474974513
38,2.484300136566162,0.8915773034095764,0.8439509868621826,0.8621092438697815,0.7068476676940918,0.7113047242164612,0.7099878191947937,1.8665519705936193,0.48642751574516296,0.6337085962295532,0.5271924138069153,0.8275230526924133,0.7809991836547852,0.8191713690757751,0.0010000000474974513
39,2.355928659439087,0.9755091667175293,0.9115832448005676,0.9384595155715942,0.689323365688324,0.6904376149177551,0.6975283622741699,1.8581704716429857,0.4829738438129425,0.6279807686805725,0.5235034823417664,0.8304574489593506,0.7832313179969788,0.8208266496658325,0.0010000000474974513
40,2.2633557319641113,0.9051597714424133,0.8530218601226807,0.869257926940918,0.7043152451515198,0.7017828226089478,0.7087723016738892,1.8278757268697454,0.46344736218452454,0.615351676940918,0.5062984824180603,0.8377808928489685,0.7887489795684814,0.8271719217300415,0.0010000000474974513
41,2.433788537979126,0.8952537178993225,0.8314497470855713,0.8698762655258179,0.7017828226089478,0.7146474719047546,0.7100891470909119,1.8250738950640586,0.4645380973815918,0.6100022196769714,0.5044827461242676,0.8394361734390259,0.7891252040863037,0.8290780782699585,0.0010000000474974513
42,2.185483932495117,0.9044830203056335,0.8197839260101318,0.8556300401687622,0.7217382788658142,0.7235615849494934,0.7238654494285583,1.803516880849774,0.45109716057777405,0.6009976267814636,0.492827832698822,0.8431230187416077,0.7939155101776123,0.8309841752052307,0.0010000000474974513
43,2.5081028938293457,1.153997540473938,1.0106083154678345,1.105285882949829,0.6518436074256897,0.6648095846176147,0.6578201055526733,1.777395503287522,0.4348103404045105,0.5905293822288513,0.4771864116191864,0.8471107482910156,0.7971007227897644,0.8365770578384399,0.0010000000474974513
44,2.633820056915283,0.937951385974884,0.8540214896202087,0.8961477279663086,0.705125629901886,0.7087723016738892,0.7103930115699768,1.7656342118356623,0.4289364516735077,0.5822502970695496,0.47059309482574463,0.8489667177200317,0.7999598979949951,0.837856113910675,0.0010000000474974513
45,2.6819491386413574,0.9701212644577026,0.8768489360809326,0.9208903908729553,0.6989465355873108,0.706138551235199,0.7049230337142944,1.7632478554023021,0.42899346351623535,0.5829588770866394,0.46958890557289124,0.8477879166603088,0.7986556887626648,0.8382574319839478,0.0010000000474974513
46,2.054880142211914,0.8572758436203003,0.7834575772285461,0.8152141571044922,0.7307536602020264,0.7339951395988464,0.7331847548484802,1.7463236015834165,0.4201618731021881,0.5709018707275391,0.4591653645038605,0.8526033163070679,0.802919328212738,0.8419944047927856,0.0010000000474974513
47,2.2888245582580566,0.9311471581459045,0.8500975370407104,0.8906752467155457,0.710494339466095,0.7120137810707092,0.7136345505714417,1.728649020960396,0.4095134735107422,0.5632351636886597,0.4487500786781311,0.8556380271911621,0.8058286309242249,0.8448033928871155,0.0010000000474974513
48,2.026118755340576,0.9482385516166687,0.8371531367301941,0.8986578583717346,0.7127228379249573,0.7157617211341858,0.7162682414054871,1.7108732957518502,0.39887407422065735,0.556329071521759,0.43996545672416687,0.8589486479759216,0.8091392517089844,0.8495184779167175,0.0010000000474974513
49,2.8645849227905273,0.9148988127708435,0.8089293241500854,0.857274055480957,0.7203201055526733,0.7242706418037415,0.7272082567214966,1.6941080648290594,0.3898923993110657,0.5444118976593018,0.4282732605934143,0.8618579506874084,0.8114466071128845,0.8506219983100891,0.0010000000474974513
50,2.161562442779541,0.8572558164596558,0.762968122959137,0.8107867240905762,0.7296394109725952,0.7396677732467651,0.734197735786438,1.6780862597745647,0.3809606730937958,0.5385680794715881,0.419687956571579,0.8655698299407959,0.8136035203933716,0.855487585067749,0.0010000000474974513
51,2.323701858520508,0.9532728791236877,0.8206649422645569,0.8871369957923889,0.7182941436767578,0.7240680456161499,0.7180915474891663,1.6688675907220734,0.37688344717025757,0.5325571894645691,0.41266173124313354,0.8665228486061096,0.8185192346572876,0.8584721088409424,0.0010000000474974513
52,2.6205496788024902,0.8917109370231628,0.7762287855148315,0.8398891091346741,0.7241693735122681,0.7319691777229309,0.7275121808052063,1.6602606080699693,0.3700445592403412,0.5314028263092041,0.4118468463420868,0.8688803911209106,0.8170395493507385,0.8576444387435913,0.0010000000474974513
53,2.333143711090088,0.925817608833313,0.824582040309906,0.8723547458648682,0.7195097208023071,0.7215356826782227,0.7223460078239441,1.6378007865066895,0.35777896642684937,0.5207294821739197,0.3950013518333435,0.8728430867195129,0.8224819302558899,0.8636888265609741,0.0010000000474974513
54,2.613881826400757,0.9437052607536316,0.8239164352416992,0.8836859464645386,0.7175850868225098,0.7197123169898987,0.7231563925743103,1.6212752271042972,0.34871020913124084,0.5101020336151123,0.3859136700630188,0.8775832653045654,0.8239616751670837,0.8685543537139893,0.0010000000474974513
55,2.0298068523406982,0.8563106060028076,0.7426679134368896,0.8059947490692139,0.739262580871582,0.7484805583953857,0.7424027323722839,1.6174556099201283,0.3481709957122803,0.5120787620544434,0.383212149143219,0.8768057823181152,0.824638843536377,0.8692566156387329,0.0010000000474974513
56,2.2885634899139404,0.9014863967895508,0.7651695013046265,0.8376509547233582,0.7331847548484802,0.7429092526435852,0.7391612529754639,1.6119885517353039,0.34503820538520813,0.5079934597015381,0.382158100605011,0.8800662159919739,0.8250401020050049,0.8695325255393982,0.0010000000474974513
57,2.6592655181884766,1.2359651327133179,1.0121773481369019,1.130769968032837,0.66096031665802,0.6762560606002808,0.6706847548484802,1.5888903653832156,0.330227792263031,0.4965309798717499,0.37067484855651855,0.8841292262077332,0.828425943851471,0.8729434013366699,0.0010000000474974513
58,2.5447235107421875,0.9570954442024231,0.8151649832725525,0.8984509706497192,0.7169772982597351,0.7300445437431335,0.72346031665802,1.5905823007249908,0.3334580063819885,0.498250812292099,0.37074097990989685,0.8825240731239319,0.8276484608650208,0.8732193112373352,0.0010000000474974513
59,2.4685685634613037,1.0659314393997192,0.888629138469696,0.9844644069671631,0.6998581886291504,0.7118111848831177,0.7050243020057678,1.5646217852878723,0.31789329648017883,0.48580202460289,0.35314908623695374,0.8883426785469055,0.8323886394500732,0.879715085029602,0.0010000000474974513
60,2.3552613258361816,0.9011505246162415,0.7524390816688538,0.8262794613838196,0.7340964078903198,0.7496961355209351,0.7394651770591736,1.5492052144070498,0.30899104475975037,0.4758601486682892,0.34729933738708496,0.8899478316307068,0.835498571395874,0.8805928826332092,0.0010000000474974513
61,2.183889865875244,0.9452704191207886,0.799111008644104,0.8714224696159363,0.7305510640144348,0.7414910793304443,0.737034022808075,1.5458457313035503,0.3085922300815582,0.4746071398258209,0.3434104025363922,0.8914024829864502,0.835247814655304,0.8826745748519897,0.0010000000474974513
62,2.557774782180786,0.9226660132408142,0.7614383697509766,0.8497610092163086,0.7363249659538269,0.7442260980606079,0.7379456758499146,1.5428780479951616,0.3071484863758087,0.4745495617389679,0.34444373846054077,0.8928571343421936,0.8338432908058167,0.8824989795684814,0.0010000000474974513
63,2.513869524002075,0.8903691172599792,0.738606333732605,0.8257835507392883,0.742807924747467,0.7496961355209351,0.7458468675613403,1.5236100603259777,0.2959415316581726,0.46544259786605835,0.33124780654907227,0.8947131037712097,0.8394612669944763,0.8854584693908691,0.0010000000474974513
64,2.1881802082061768,0.8390008807182312,0.7187058925628662,0.7850358486175537,0.7512155771255493,0.7565842866897583,0.7532414793968201,1.5159881983675887,0.29238176345825195,0.46015051007270813,0.32906657457351685,0.8965439200401306,0.8420194387435913,0.8869131207466125,0.0010000000474974513
65,2.548609733581543,0.8940919637680054,0.7571904063224792,0.8258669972419739,0.741795003414154,0.7519246339797974,0.7452390789985657,1.503540011508507,0.285643070936203,0.4554160237312317,0.3209143579006195,0.8987510204315186,0.8429474234580994,0.889396071434021,0.0010000000474974513
66,2.3130953311920166,0.937350332736969,0.7649633288383484,0.8599652051925659,0.731361448764801,0.744631290435791,0.7356159090995789,1.4904956400490113,0.2773236036300659,0.45312339067459106,0.31378456950187683,0.9021618962287903,0.8446277976036072,0.8931330442428589,0.0010000000474974513
67,2.863881826400757,1.0419930219650269,0.8147639036178589,0.9418706893920898,0.7148500680923462,0.7348055243492126,0.7214343547821045,1.487737373976608,0.27792730927467346,0.4459439814090729,0.31357187032699585,0.9010332822799683,0.8470355272293091,0.8921799659729004,0.0010000000474974513
68,2.414801836013794,0.9033045768737793,0.7467911839485168,0.8315647840499878,0.7426053285598755,0.7535454034805298,0.7461507320404053,1.467163514172476,0.26433026790618896,0.4393015205860138,0.30063340067863464,0.906450629234314,0.8471358418464661,0.8960674405097961,0.0010000000474974513
69,2.3946008682250977,1.0470937490463257,0.8514533638954163,0.9475234746932983,0.7159643173217773,0.7236629128456116,0.7224473357200623,1.4775918773816448,0.27381864190101624,0.4439346194267273,0.3067321181297302,0.9038422703742981,0.846408486366272,0.8938102126121521,0.0010000000474974513
70,2.2115323543548584,0.9428450465202332,0.7854675650596619,0.8791736960411072,0.7267017960548401,0.737034022808075,0.7315640449523926,1.4552180185363917,0.259880393743515,0.43107590079307556,0.29469406604766846,0.9088332653045654,0.8517506122589111,0.8991773724555969,0.0010000000474974513
71,2.55996036529541,0.926085352897644,0.7534497380256653,0.846725583076477,0.7440235018730164,0.7486831545829773,0.7461507320404053,1.4401495858524622,0.2516837418079376,0.42471688985824585,0.28435006737709045,0.910965085029602,0.8526535034179688,0.9023876190185547,0.0010000000474974513
72,2.1873621940612793,0.9749920964241028,0.7905125021934509,0.8931588530540466,0.734197735786438,0.7429092526435852,0.7400729060173035,1.4431530353919653,0.25500863790512085,0.4252055585384369,0.2884715795516968,0.9114917516708374,0.8529043197631836,0.9011837840080261,0.0010000000474974513
73,2.478813886642456,0.9680192470550537,0.7744842767715454,0.8888307213783264,0.7300445437431335,0.7436183094978333,0.7348055243492126,1.424320113601501,0.24277935922145844,0.41809743642807007,0.27813711762428284,0.9146769642829895,0.8561396598815918,0.9052969217300415,0.0010000000474974513
74,2.3407669067382812,0.9290147423744202,0.7490116357803345,0.843023955821991,0.7435170412063599,0.7543557286262512,0.7469611167907715,1.4196962753421423,0.2432531714439392,0.41106024384498596,0.27335047721862793,0.9141502976417542,0.8569672703742981,0.9059991836547852,0.0010000000474974513
75,2.493112087249756,1.0299909114837646,0.8295885920524597,0.938390851020813,0.7184967398643494,0.7282212376594543,0.7259926795959473,1.4135631196571583,0.23888453841209412,0.4115421175956726,0.2713223099708557,0.9154544472694397,0.8588733673095703,0.9064255356788635,0.0010000000474974513
76,2.584036111831665,1.0450818538665771,0.7984344363212585,0.923442542552948,0.7289302945137024,0.7379456758499146,0.7334886789321899,1.4013320316663715,0.231955423951149,0.4054630994796753,0.265545517206192,0.9172853231430054,0.859675943851471,0.9085573554039001,0.0010000000474974513
77,1.8841323852539062,0.9953427314758301,0.8087797164916992,0.908730149269104,0.7266004681587219,0.7359197735786438,0.7297406792640686,1.3928709181315635,0.22854912281036377,0.3984116017818451,0.25958502292633057,0.9197180867195129,0.8623595237731934,0.9110904932022095,0.0010000000474974513
78,1.6318804025650024,1.0721389055252075,0.8498887419700623,0.959505021572113,0.7139384150505066,0.7282212376594543,0.7185980677604675,1.3904584510368483,0.22809039056301117,0.40136048197746277,0.2591392397880554,0.9191412329673767,0.8610302805900574,0.9113162159919739,0.0010000000474974513
79,2.582270622253418,0.947508692741394,0.7560287117958069,0.8664024472236633,0.7393830418586731,0.7553085088729858,0.7468950152397156,1.3673012566604736,0.2144802063703537,0.38856732845306396,0.2450697422027588,0.9252608418464661,0.8646669387817383,0.9160814881324768,0.0010000000474974513
80,2.4881210327148438,0.9988009929656982,0.7772719264030457,0.9150611758232117,0.7386547923088074,0.749290943145752,0.7450364828109741,1.3696931698157737,0.21774891018867493,0.38403213024139404,0.24819938838481903,0.9241573214530945,0.8664476275444031,0.9148274660110474,0.0010000000474974513
81,2.629181385040283,1.0075868368148804,0.8266505599021912,0.9340571761131287,0.7318679094314575,0.7363249659538269,0.7353119850158691,1.3593127019524,0.2117518186569214,0.38057154417037964,0.24259048700332642,0.926590085029602,0.8686045408248901,0.916858971118927,0.0010000000474974513
82,2.555783748626709,0.9438729882240295,0.7461625933647156,0.8650738596916199,0.744935154914856,0.755064845085144,0.7480753660202026,1.3522889351959595,0.2076791375875473,0.3797496557235718,0.23889830708503723,0.926690399646759,0.8693569302558899,0.9176364541053772,0.0010000000474974513
83,2.012568235397339,0.9476446509361267,0.7553276419639587,0.8592297434806824,0.7472649812698364,0.7573946714401245,0.7536466717720032,1.349245030080143,0.20743095874786377,0.3775562047958374,0.23819099366664886,0.9283456802368164,0.8700090050697327,0.9195926785469055,0.0010000000474974513
84,2.7953696250915527,1.0296695232391357,0.7913564443588257,0.9156991243362427,0.7351093888282776,0.744631290435791,0.7414910793304443,1.330224734439513,0.19561268389225006,0.3689832389354706,0.22629059851169586,0.9310794472694397,0.8722662329673767,0.9227527976036072,0.0010000000474974513
85,3.3339998722076416,1.1572502851486206,0.8937207460403442,1.0630621910095215,0.7100891470909119,0.721636950969696,0.715863049030304,1.33233902197971,0.1999092400074005,0.3675750195980072,0.22764866054058075,0.9307785034179688,0.8725922703742981,0.9224267601966858,0.0010000000474974513
86,2.5795958042144775,1.0310627222061157,0.791255533695221,0.9363484382629395,0.7358185052871704,0.7465559244155884,0.7389586567878723,1.3319172067014593,0.19929586350917816,0.36950334906578064,0.22998760640621185,0.930226743221283,0.87347012758255,0.920646071434021,0.0010000000474974513
87,2.77548885345459,0.9949405193328857,0.7764531373977661,0.8986722230911255,0.7506077885627747,0.7574959397315979,0.7532414793968201,1.3140880745831118,0.18954990804195404,0.35897016525268555,0.2176579236984253,0.9320325255393982,0.874899685382843,0.9240820407867432,0.0010000000474974513
88,2.4380171298980713,0.9680474400520325,0.7617987990379333,0.865871012210846,0.7457455396652222,0.7514181733131409,0.7510129809379578,1.3199067272688374,0.19470126926898956,0.36111772060394287,0.22337771952152252,0.9312800765037537,0.8752257227897644,0.9229534268379211,0.0010000000474974513
89,3.430478096008301,1.255718469619751,0.9431262016296387,1.0961534976959229,0.7024918794631958,0.707658052444458,0.707658052444458,1.3002636023164753,0.1829950213432312,0.3511534035205841,0.21240153908729553,0.9349669218063354,0.8792887330055237,0.9270415306091309,0.0010000000474974513
90,2.4073538780212402,1.0068087577819824,0.7652658820152283,0.8905203342437744,0.7431118488311768,0.7515194416046143,0.7504051923751831,1.2996747945323228,0.18417008221149445,0.3552320897579193,0.21064434945583344,0.9343147873878479,0.877758800983429,0.9276434779167175,0.0010000000474974513
91,2.4119136333465576,1.11689293384552,0.878438413143158,1.0119829177856445,0.7235615849494934,0.7297406792640686,0.7248784303665161,1.3000276907680506,0.18540333211421967,0.3515545129776001,0.21316635608673096,0.9342144727706909,0.8797652721405029,0.9276936054229736,0.0010000000474974513
92,2.4611423015594482,1.0138146877288818,0.7723125219345093,0.9092521667480469,0.744631290435791,0.7517220377922058,0.747467577457428,1.280423010907242,0.17276982963085175,0.344292014837265,0.20083968341350555,0.9386035203933716,0.880893886089325,0.9322080612182617,0.0010000000474974513
93,2.3474791049957275,0.9346469044685364,0.7322626113891602,0.8520174026489258,0.7516207695007324,0.7589141130447388,0.7533428072929382,1.2857667791326777,0.17814500629901886,0.3467206358909607,0.20458872616291046,0.9370987415313721,0.8817716836929321,0.930477499961853,0.0010000000474974513
94,2.168241024017334,0.9578763246536255,0.7570423483848572,0.8635931015014648,0.7506077885627747,0.7584075927734375,0.7584075927734375,1.2791631897226765,0.17416639626026154,0.3436794877052307,0.20331083238124847,0.9386788010597229,0.8819472193717957,0.9308788180351257,0.0010000000474974513
95,2.235806465148926,1.0609389543533325,0.8207441568374634,0.9540123343467712,0.7241693735122681,0.739262580871582,0.7276134490966797,1.274342134523162,0.17213378846645355,0.3416794240474701,0.20050576329231262,0.9393057823181152,0.8824989795684814,0.9317566156387329,0.0010000000474974513
96,2.6930832862854004,0.9988744854927063,0.7507190108299255,0.8939790725708008,0.7541531324386597,0.7648906111717224,0.7592179775238037,1.263870088093545,0.1686701625585556,0.3309953808784485,0.19451314210891724,0.9407102465629578,0.8854082822799683,0.9340640306472778,0.0010000000474974513
97,2.5179426670074463,1.008263111114502,0.7807468175888062,0.899296760559082,0.7505064606666565,0.756077766418457,0.7533428072929382,1.2513665915683605,0.1607154756784439,0.32602015137672424,0.18664130568504333,0.9439957737922668,0.8876153826713562,0.9363211989402771,0.0010000000474974513
98,2.760676860809326,1.10000479221344,0.8289927840232849,0.9763662815093994,0.7405794262886047,0.7458468675613403,0.744935154914856,1.259963669325337,0.16737644374370575,0.3310731053352356,0.1938178539276123,0.9414376020431519,0.8850572109222412,0.9334871768951416,0.0010000000474974513
99,2.626984119415283,1.0911470651626587,0.8448699712753296,0.9977041482925415,0.7322731018066406,0.7358185052871704,0.7333873510360718,1.2412628461614275,0.15699931979179382,0.3186578154563904,0.1824476718902588,0.9448234438896179,0.890825629234314,0.9373494982719421,0.0010000000474974513
100,2.6140670776367188,1.0087578296661377,0.7661725282669067,0.8949972987174988,0.7504051923751831,0.760433554649353,0.7558752298355103,1.2340998029632324,0.1522628515958786,0.3199857175350189,0.17911690473556519,0.9467044472694397,0.889496386051178,0.9394311904907227,0.0010000000474974513
101,2.4174556732177734,1.1002299785614014,0.8203445076942444,0.9798247218132019,0.7424027323722839,0.7496961355209351,0.7429092526435852,1.2357345763982586,0.15486428141593933,0.31700626015663147,0.18371956050395966,0.9447983503341675,0.8900230526924133,0.9366974234580994,0.0010000000474974513
102,2.318676471710205,1.0227727890014648,0.7634925246238708,0.9051746726036072,0.7565842866897583,0.7637763619422913,0.7572933435440063,1.2273498260764402,0.15080475807189941,0.31537777185440063,0.17484845221042633,0.9467044472694397,0.8919793367385864,0.9412118792533875,0.0010000000474974513
103,2.7715489864349365,1.0450940132141113,0.7898572087287903,0.9277228116989136,0.7424027323722839,0.7529376149177551,0.7442260980606079,1.2247837483404536,0.15087012946605682,0.311810165643692,0.17677660286426544,0.9470555782318115,0.8921047449111938,0.9399829506874084,0.0010000000474974513
104,2.8584694862365723,1.1006602048873901,0.8212296962738037,0.9719815254211426,0.7389586567878723,0.7459481358528137,0.7382495999336243,1.2134918600177305,0.14450526237487793,0.3061886727809906,0.16774332523345947,0.9491372108459473,0.8942616581916809,0.9436196088790894,0.0010000000474974513
105,2.700512647628784,1.0456231832504272,0.7715200781822205,0.9214935302734375,0.7447325587272644,0.7547609210014343,0.7477715015411377,1.2190707227391568,0.14804315567016602,0.31422677636146545,0.17167067527770996,0.9483346939086914,0.8923304677009583,0.9408106207847595,0.0010000000474974513
106,2.28113055229187,1.0265718698501587,0.7787237167358398,0.9205436706542969,0.755064845085144,0.7612439393997192,0.7561790943145752,1.2202373345055129,0.15056224167346954,0.31119802594184875,0.1744789034128189,0.9474318027496338,0.8929073214530945,0.9399829506874084,0.0010000000474974513
107,2.737802028656006,0.9928795099258423,0.7583129405975342,0.8840137124061584,0.7600283622741699,0.7630672454833984,0.7636750340461731,1.1976734948961922,0.1380297839641571,0.2967936098575592,0.16131000220775604,0.9510934948921204,0.8975220918655396,0.9453250169754028,0.0010000000474974513
108,3.0511691570281982,1.0722169876098633,0.7883409857749939,0.9355006814002991,0.7464545965194702,0.7572933435440063,0.75,1.2011315700139127,0.14039570093154907,0.3005213141441345,0.1658545881509781,0.9512189030647278,0.895440399646759,0.9446729421615601,0.0010000000474974513
109,2.5427961349487305,1.0761243104934692,0.8080625534057617,0.9520723223686218,0.7466571927070618,0.7544570565223694,0.7472649812698364,1.1955881040322072,0.1378614455461502,0.29923582077026367,0.16223183274269104,0.9515198469161987,0.8976224064826965,0.9441462755203247,0.0010000000474974513
110,2.7349469661712646,1.2325267791748047,0.9193109273910522,1.0894367694854736,0.7131280303001404,0.7188006639480591,0.7196110486984253,1.188949017807913,0.13600178062915802,0.29142388701438904,0.15816353261470795,0.9535262584686279,0.900205671787262,0.9460774660110474,0.0010000000474974513
111,2.3519468307495117,1.0401935577392578,0.7943238615989685,0.9248006939888,0.7484805583953857,0.7520259022712708,0.7520259022712708,1.1945615228068198,0.14085432887077332,0.29150819778442383,0.1648658663034439,0.9487861394882202,0.9000551700592041,0.9439957737922668,0.0010000000474974513
112,3.110076904296875,1.3621184825897217,1.0811622142791748,1.2370628118515015,0.6974270939826965,0.692868709564209,0.6956037282943726,1.1751709814821736,0.12892432510852814,0.28484678268432617,0.15255768597126007,0.9543790221214294,0.9007574319839478,0.9476575255393982,0.0010000000474974513
113,2.518808364868164,1.1389083862304688,0.8300360441207886,1.0120913982391357,0.739566445350647,0.7527350187301636,0.7405794262886047,1.1749580381004616,0.1297294795513153,0.2853165566921234,0.1517968773841858,0.9551565051078796,0.9018358588218689,0.9480587840080261,0.0010000000474974513
114,2.666957139968872,1.088584065437317,0.8250381350517273,0.9528858661651611,0.7425040602684021,0.7463533282279968,0.7456442713737488,1.171661446029455,0.12856170535087585,0.28397297859191895,0.15043020248413086,0.9544041156768799,0.9029644727706909,0.948309600353241,0.0010000000474974513
115,2.8244175910949707,1.075880527496338,0.8140063881874084,0.9508327841758728,0.7470623850822449,0.7534440755844116,0.7504051923751831,1.16669131435131,0.12805718183517456,0.2761589586734772,0.1493080109357834,0.9549307823181152,0.9059991836547852,0.949237585067749,0.0010000000474974513
116,2.2096610069274902,1.098867416381836,0.7927662134170532,0.9549775719642639,0.7515194416046143,0.7565842866897583,0.7526336908340454,1.1671077967838146,0.12731313705444336,0.28321900963783264,0.1500748246908188,0.955382227897644,0.9030397534370422,0.9483597278594971,0.0010000000474974513
117,2.6347599029541016,1.078735113143921,0.8106715083122253,0.9612078666687012,0.7445299625396729,0.7512155771255493,0.7488857507705688,1.1585857894983185,0.12489122152328491,0.273156076669693,0.14594101905822754,0.9575642347335815,0.906350314617157,0.951695442199707,0.0010000000474974513
118,2.6872310638427734,1.045737385749817,0.7697082161903381,0.9125776886940002,0.7570907473564148,0.7605348229408264,0.7592179775238037,1.1536698731717865,0.12202363461256027,0.2716810405254364,0.14318892359733582,0.956811785697937,0.9069020748138428,0.9511436820030212,0.0010000000474974513
119,3.1268138885498047,1.1032320261001587,0.8193827867507935,0.9683641195297241,0.7466571927070618,0.7548622488975525,0.7495948076248169,1.1539671951082697,0.1228436604142189,0.27562829852104187,0.14235363900661469,0.9572131037712097,0.9046448469161987,0.9513443112373352,0.0010000000474974513
120,2.3260397911071777,1.0188251733779907,0.7707245945930481,0.90336674451828,0.760737419128418,0.7635737657546997,0.7615478038787842,1.1491728713003437,0.12131024897098541,0.2705712914466858,0.14083364605903625,0.9580156207084656,0.9068268537521362,0.9523726105690002,0.0010000000474974513
121,2.7916104793548584,1.0675309896469116,0.7794646620750427,0.9411874413490295,0.7581037282943726,0.7625607848167419,0.7618517279624939,1.1412737030852855,0.11680646985769272,0.2663520574569702,0.13860180974006653,0.9597712755203247,0.9082564115524292,0.9539526700973511,0.0010000000474974513
122,2.423854351043701,1.096388339996338,0.8116979002952576,0.9543562531471252,0.7469611167907715,0.7519246339797974,0.7491896152496338,1.1413150828684506,0.11784636974334717,0.2669884264469147,0.1386050581932068,0.9588934779167175,0.9084069132804871,0.952924370765686,0.0010000000474974513
123,2.3407816886901855,1.0355274677276611,0.7874835133552551,0.911366879940033,0.7613452076911926,0.7613452076911926,0.7641814947128296,1.1293570643252009,0.11131566762924194,0.2580864727497101,0.13460582494735718,0.9607744812965393,0.9108647704124451,0.9546799659729004,0.0010000000474974513
124,2.3267579078674316,1.1184728145599365,0.8152956366539001,0.9701579213142395,0.7456442713737488,0.7501012682914734,0.7501012682914734,1.1355291582034066,0.11580276489257812,0.26510587334632874,0.13906189799308777,0.9590439200401306,0.9103381037712097,0.951896071434021,0.0010000000474974513
125,2.4416770935058594,1.0671255588531494,0.7904655933380127,0.9328234791755676,0.7570907473564148,0.7634724378585815,0.7556726336479187,1.1294361553835066,0.1134587824344635,0.2609855830669403,0.1331367939710617,0.9599719047546387,0.9104384183883667,0.9550812840461731,0.0010000000474974513
126,2.351327419281006,1.1252309083938599,0.8509665131568909,0.9889029264450073,0.7467585206031799,0.7502025961875916,0.7483792304992676,1.1213409575375086,0.10887756198644638,0.257968544960022,0.12976114451885223,0.9621288180351257,0.9111155867576599,0.9559590816497803,0.0010000000474974513
127,2.381633996963501,1.1528793573379517,0.8963603377342224,1.0233650207519531,0.7423014640808105,0.7394651770591736,0.744631290435791,1.1184330457286313,0.10909754037857056,0.2528766095638275,0.1281120777130127,0.962505042552948,0.9145766496658325,0.9575391411781311,0.0010000000474974513
128,2.5001096725463867,1.246506690979004,0.9268170595169067,1.1126619577407837,0.7196110486984253,0.7336912751197815,0.7239667773246765,1.1186483897519914,0.10968761146068573,0.2556663155555725,0.12881769239902496,0.9620535969734192,0.9105888605117798,0.9566613435745239,0.0010000000474974513
129,2.949708938598633,1.1175827980041504,0.8097980618476868,0.9671743512153625,0.7475689053535461,0.7573946714401245,0.7536466717720032,1.109817822710469,0.10492454469203949,0.2505866289138794,0.12486379593610764,0.9625300765037537,0.9135483503341675,0.9576394557952881,0.0010000000474974513
130,3.278831958770752,1.1707401275634766,0.882804274559021,1.0240755081176758,0.7398703694343567,0.7426053285598755,0.7433144450187683,1.1039097678412595,0.10257045924663544,0.2459900677204132,0.12187933176755905,0.9645866751670837,0.9164576530456543,0.9595455527305603,0.0010000000474974513
131,3.0783891677856445,1.209304690361023,0.9119909405708313,1.0562069416046143,0.7358185052871704,0.7377431392669678,0.7361223697662354,1.0979534502396806,0.10091497749090195,0.23828189074993134,0.11975810676813126,0.9657654762268066,0.9185393452644348,0.9592947363853455,0.0010000000474974513
132,2.739074230194092,1.094160556793213,0.8033777475357056,0.942101776599884,0.755368709564209,0.7613452076911926,0.755368709564209,1.0972016196381031,0.09970736503601074,0.24578526616096497,0.11893375962972641,0.9652387499809265,0.9156049489974976,0.9599217772483826,0.0010000000474974513
133,2.435126781463623,1.1216962337493896,0.8251374959945679,0.9755370020866394,0.7543557286262512,0.7588127851486206,0.7598257660865784,1.1012096940801386,0.10336574912071228,0.24539805948734283,0.12426651269197464,0.963834285736084,0.914501428604126,0.9586175680160522,0.0010000000474974513
134,3.0170626640319824,1.201232671737671,0.8899856209754944,1.0469144582748413,0.73673015832901,0.7381482720375061,0.7391612529754639,1.0928416265530532,0.10040586441755295,0.23796485364437103,0.11838576942682266,0.9645615816116333,0.9171348214149475,0.9598214030265808,0.0010000000474974513
135,2.463932514190674,1.1076041460037231,0.8228225708007812,0.963657557964325,0.7584075927734375,0.7649918794631958,0.7620543241500854,1.0967112228537448,0.10262654721736908,0.24395851790905,0.12173859030008316,0.964034914970398,0.9155046343803406,0.9589686989784241,0.0010000000474974513
136,2.056903839111328,1.1218171119689941,0.8091612458229065,0.9771263003349304,0.752836287021637,0.760433554649353,0.7547609210014343,1.084417829161471,0.09708845615386963,0.23275718092918396,0.11559542268514633,0.9657905101776123,0.9203952550888062,0.9604735374450684,0.0010000000474974513
137,2.428227186203003,1.1672002077102661,0.8544533848762512,1.0121264457702637,0.7405794262886047,0.7458468675613403,0.7450364828109741,1.0879973429546692,0.10000873357057571,0.23667335510253906,0.11740945279598236,0.9655898809432983,0.919617772102356,0.9601224064826965,0.0010000000474974513
138,2.8433096408843994,1.08867609500885,0.7888402938842773,0.9405921697616577,0.7608387470245361,0.7679294943809509,0.765802264213562,1.078116660324758,0.09354191273450851,0.23544739186763763,0.11292631179094315,0.9670696258544922,0.9186647534370422,0.9613011479377747,0.0010000000474974513
139,2.4983372688293457,1.1916626691818237,0.8406924605369568,1.012902021408081,0.7448338866233826,0.755064845085144,0.7482779622077942,1.0773086727717907,0.0943659171462059,0.23511581122875214,0.11237173527479172,0.9675711989402771,0.9198685884475708,0.962605357170105,0.0010000000474974513
140,2.4132330417633057,1.081225872039795,0.7923387289047241,0.939066469669342,0.7661061882972717,0.7695502638816833,0.7697528600692749,1.0827722895776861,0.09925924241542816,0.2373974323272705,0.11571497470140457,0.9646618962287903,0.9184390306472778,0.9600973129272461,0.0010000000474974513
141,2.3609352111816406,1.104686975479126,0.8232036232948303,0.957538902759552,0.7554700374603271,0.7573946714401245,0.7589141130447388,1.0689336585768918,0.09186270833015442,0.22588779032230377,0.10892187058925629,0.9681982398033142,0.922075629234314,0.9635834693908691,0.0010000000474974513
142,1.9398516416549683,1.1006652116775513,0.8099276423454285,0.9496939182281494,0.76326984167099,0.7628646492958069,0.7674230337142944,1.0725246156964983,0.09554483741521835,0.22821521759033203,0.11132171750068665,0.9667686820030212,0.9213232398033142,0.9635332822799683,0.0010000000474974513
143,2.413790702819824,1.103094458580017,0.8114119172096252,0.960330069065094,0.7547609210014343,0.756077766418457,0.7549635171890259,1.062958335799926,0.09005054086446762,0.22345256805419922,0.10687857121229172,0.9692014455795288,0.92340487241745,0.9640098214149475,0.0010000000474974513
144,2.8568968772888184,1.2256314754486084,0.8803152441978455,1.0517749786376953,0.7405794262886047,0.7425040602684021,0.7397690415382385,1.0624530034118824,0.09017884731292725,0.22352024912834167,0.10799011588096619,0.968449056148529,0.9239065051078796,0.9628812074661255,0.0010000000474974513
145,3.0754425525665283,1.1336764097213745,0.8389562964439392,0.9840404987335205,0.7530388832092285,0.7547609210014343,0.7561790943145752,1.065139150542968,0.09433630853891373,0.22293876111507416,0.10997892916202545,0.9668689966201782,0.9221509099006653,0.9638091921806335,0.0010000000474974513
146,2.0786943435668945,1.13571035861969,0.8190361261367798,0.9802624583244324,0.7467585206031799,0.7547609210014343,0.752836287021637,1.0485921837927632,0.08318990468978882,0.21867987513542175,0.09953588247299194,0.9705808758735657,0.9250351190567017,0.9659410119056702,0.0010000000474974513
147,2.2379589080810547,1.151426911354065,0.8292447328567505,0.9907806515693665,0.7513168454170227,0.757901132106781,0.7580024600028992,1.0519378445504375,0.08673067390918732,0.219120591878891,0.10222548991441727,0.9705808758735657,0.9238061904907227,0.9665679931640625,0.0010000000474974513
148,2.6462182998657227,1.133924126625061,0.8249691724777222,0.9727743864059448,0.7510129809379578,0.7545583248138428,0.7529376149177551,1.0603190564803098,0.09380839765071869,0.22096607089042664,0.11000721156597137,0.9673956632614136,0.9250602126121521,0.9628310799598694,0.0010000000474974513
149,2.8321774005889893,1.2196568250656128,0.9316079616546631,1.0711976289749146,0.7318679094314575,0.7324756979942322,0.734906792640686,1.057110067929349,0.09157577902078629,0.2224625051021576,0.10823187232017517,0.9678471088409424,0.9219000935554504,0.9630818367004395,0.0010000000474974513
150,2.279572010040283,1.06142258644104,0.7876712679862976,0.9180876016616821,0.7659035921096802,0.7700567245483398,0.7697528600692749,1.0176844851354534,0.06823663413524628,0.19677549600601196,0.08552691340446472,0.9776284098625183,0.9341392517089844,0.9724869728088379,0.0005000000237487257
151,2.444596767425537,1.0586068630218506,0.7654209733009338,0.9122424721717834,0.7707657814025879,0.7716774940490723,0.7749189734458923,0.9932045008550677,0.053415268659591675,0.18065735697746277,0.06996793299913406,0.9819923639297485,0.9390048384666443,0.9776785969734192,0.0005000000237487257
152,1.7428839206695557,1.0384382009506226,0.7599369287490845,0.882888674736023,0.7693476676940918,0.7752228379249573,0.7742098569869995,0.9921105386357437,0.052985332906246185,0.18084004521369934,0.06961867213249207,0.9814155101776123,0.9389797449111938,0.9777036309242249,0.0005000000237487257
153,3.024263620376587,1.089426040649414,0.7720022201538086,0.9189334511756897,0.7696515321731567,0.7712723016738892,0.7692463397979736,0.9802300843916965,0.04755089804530144,0.16972298920154572,0.061404015868902206,0.9837730526924133,0.9434942007064819,0.9805126190185547,0.0005000000237487257
154,2.39056396484375,1.0871175527572632,0.7791523933410645,0.9247093200683594,0.7718800902366638,0.7716774940490723,0.7742098569869995,0.9823998534277584,0.049048397690057755,0.17183592915534973,0.06425697356462479,0.9837730526924133,0.9429424405097961,0.979559600353241,0.0005000000237487257
155,2.0605573654174805,1.1374591588974,0.8062312602996826,0.9589946269989014,0.7624594569206238,0.7681320905685425,0.7659035921096802,0.9802155988365651,0.048751771450042725,0.17080317437648773,0.06172902137041092,0.983146071434021,0.9432433843612671,0.9811897873878479,0.0005000000237487257
156,1.891215443611145,1.154563069343567,0.802020788192749,0.9664572477340698,0.7659035921096802,0.7674230337142944,0.7642828226089478,0.9757247571960498,0.04639619588851929,0.167388916015625,0.060029249638319016,0.9841241836547852,0.9447482228279114,0.9806380271911621,0.0005000000237487257
157,3.118396282196045,1.1419473886489868,0.8112182021141052,0.9582290649414062,0.7665113210678101,0.7688411474227905,0.7693476676940918,0.9751041037887096,0.04596225544810295,0.16675390303134918,0.06168599799275398,0.9849769473075867,0.943744957447052,0.9803621768951416,0.0005000000237487257
158,2.6512458324432373,1.11076819896698,0.7882785201072693,0.9323790073394775,0.7756410241127014,0.7733373641967773,0.7739382982254028,0.967563740514446,0.0423552468419075,0.16200707852840424,0.05615900084376335,0.985804557800293,0.9460774660110474,0.9820676445960999,0.0005000000237487257
159,2.33931303024292,1.1740447282791138,0.8201737403869629,0.9712675213813782,0.7678282260894775,0.7680308222770691,0.7691450715065002,0.9742617066560932,0.046888258308172226,0.16598837077617645,0.060740310698747635,0.9837480187416077,0.9456009268760681,0.9810643792152405,0.0005000000237487257
160,1.9046896696090698,1.1535214185714722,0.7930225133895874,0.9551845192909241,0.7713735699653625,0.7719813585281372,0.7745137810707092,0.9655670694899214,0.0425650030374527,0.15965302288532257,0.05520303547382355,0.9857795238494873,0.9473314881324768,0.9823936820030212,0.0005000000237487257
161,3.246608257293701,1.1031168699264526,0.7781615257263184,0.9185500741004944,0.7715761661529541,0.7724878191947937,0.7742098569869995,0.9707071519012819,0.04592589661478996,0.16452066600322723,0.0594395250082016,0.984675943851471,0.9446478486061096,0.9810894727706909,0.0005000000237487257
162,2.537696361541748,1.1576846837997437,0.803187906742096,0.9695095419883728,0.760737419128418,0.7665113210678101,0.760433554649353,0.9629205262488768,0.04178003594279289,0.1580774486064911,0.0549277663230896,0.985804557800293,0.9476324319839478,0.9823184013366699,0.0005000000237487257
163,2.5248160362243652,1.25356924533844,0.863446831703186,1.0327364206314087,0.7581037282943726,0.7573946714401245,0.7590153813362122,0.9588771256742279,0.039682064205408096,0.15520639717578888,0.0538431853055954,0.9873093962669373,0.948108971118927,0.9833216071128845,0.0005000000237487257
164,2.5447564125061035,1.1419031620025635,0.7821841835975647,0.9395871162414551,0.7718800902366638,0.7768436074256897,0.7742098569869995,0.9659038910322357,0.0448819063603878,0.16036854684352875,0.05669616907835007,0.9843499064445496,0.9459018707275391,0.9813904762268066,0.0005000000237487257
165,2.3903613090515137,1.156704306602478,0.7895898222923279,0.9461320042610168,0.7673217058181763,0.7691450715065002,0.7703605890274048,0.9593469340766797,0.040207717567682266,0.15947005152702332,0.053834524005651474,0.9857293367385864,0.9461275935173035,0.9825441241264343,0.0005000000237487257
166,2.580247402191162,1.1889184713363647,0.8023503422737122,0.9687095880508423,0.7667139172554016,0.7714748978614807,0.765802264213562,0.9631336716932049,0.044572073966264725,0.15730367600917816,0.055998437106609344,0.9852277040481567,0.9484851360321045,0.9823434948921204,0.0005000000237487257
167,3.183971405029297,1.1587685346603394,0.7961329817771912,0.9569419622421265,0.7665113210678101,0.7702593207359314,0.7702593207359314,0.9620087567722817,0.04313650354743004,0.16039077937602997,0.05623939633369446,0.9848515391349792,0.9463282227516174,0.9824689030647278,0.0005000000237487257
168,2.7282466888427734,1.17227303981781,0.8045699000358582,0.9579231142997742,0.772994339466095,0.7747163772583008,0.7749189734458923,0.9548417490519835,0.03970539569854736,0.1537977010011673,0.05262212082743645,0.9864065051078796,0.9487108588218689,0.9831961989402771,0.0005000000237487257
169,2.68481707572937,1.159224033355713,0.7883784174919128,0.9465670585632324,0.7722852230072021,0.775526762008667,0.7746150493621826,0.953340660128892,0.039792634546756744,0.15051256120204926,0.05295032635331154,0.9860302805900574,0.9500150680541992,0.9830708503723145,0.0005000000237487257
170,2.550382614135742,1.169948935508728,0.8104475140571594,0.9657759070396423,0.768334686756134,0.7717787623405457,0.768638551235199,0.9523904920581064,0.03927994146943092,0.15236583352088928,0.0521027073264122,0.9866071343421936,0.9493128061294556,0.9837981462478638,0.0005000000237487257
171,2.4254157543182373,1.147396445274353,0.7985827326774597,0.9439845681190491,0.7680308222770691,0.7725891470909119,0.7697528600692749,0.9530244870514969,0.0408993698656559,0.1496930718421936,0.05324431508779526,0.9863061904907227,0.9499648809432983,0.9829203486442566,0.0005000000237487257
172,2.661454439163208,1.157198429107666,0.7903413772583008,0.9475100636482239,0.7753241658210754,0.7792747020721436,0.7779578566551208,0.9496701337743916,0.03845413029193878,0.15113073587417603,0.05179828777909279,0.9875852465629578,0.9504414200782776,0.9840489625930786,0.0005000000237487257
173,2.0881989002227783,1.2087899446487427,0.8244660496711731,0.9820318222045898,0.7651944756507874,0.7677268981933594,0.7659035921096802,0.9485221729041294,0.039158232510089874,0.14772929251194,0.05076678469777107,0.9864566326141357,0.9501906037330627,0.9837480187416077,0.0005000000237487257
174,1.9236156940460205,1.1795909404754639,0.8100197315216064,0.9635242819786072,0.7694489359855652,0.7725891470909119,0.7709683775901794,0.9489326653090182,0.0390409491956234,0.1506282538175583,0.051572561264038086,0.9864315986633301,0.9499397873878479,0.9836978316307068,0.0005000000237487257
175,2.1498374938964844,1.2019646167755127,0.8222216367721558,0.9748563766479492,0.7693476676940918,0.7687398791313171,0.7687398791313171,0.944061143057687,0.03681628033518791,0.1454058289527893,0.05013090372085571,0.9873595237731934,0.9520465731620789,0.9832212924957275,0.0005000000237487257
176,2.7973251342773438,1.2400729656219482,0.8453510999679565,1.0128059387207031,0.7633711695671082,0.7635737657546997,0.7666126489639282,0.9425954623551468,0.03715953603386879,0.14410248398780823,0.04850577190518379,0.9877357482910156,0.9514446258544922,0.9847512245178223,0.0005000000237487257
177,2.786609649658203,1.16898775100708,0.8085663318634033,0.9580995440483093,0.7672204375267029,0.7718800902366638,0.7723865509033203,0.9459125871260323,0.03975773602724075,0.14409193396568298,0.05285694822669029,0.9869582653045654,0.9526233673095703,0.983045756816864,0.0005000000237487257
178,2.8299684524536133,1.225884199142456,0.8290073871612549,0.9876031875610352,0.7643840909004211,0.7717787623405457,0.7669165134429932,0.9385819850342997,0.03514079377055168,0.1429220587015152,0.04683379456400871,0.9881370663642883,0.9522472023963928,0.9851023554801941,0.0005000000237487257
179,2.1889705657958984,1.164650559425354,0.8012135624885559,0.9511404037475586,0.7692463397979736,0.7758306264877319,0.7699554562568665,0.9399199516394356,0.03720221668481827,0.14103271067142487,0.048706088215112686,0.9876605272293091,0.9543038010597229,0.9842495918273926,0.0005000000237487257
180,2.445204257965088,1.2230111360549927,0.8293403387069702,0.9826908707618713,0.7692463397979736,0.7714748978614807,0.7713735699653625,0.9392996940337253,0.03686234727501869,0.14267858862876892,0.04894153028726578,0.9874598979949951,0.9527989625930786,0.9844251871109009,0.0005000000237487257
181,2.469240665435791,1.1967912912368774,0.8169361352920532,0.9675877094268799,0.7706645131111145,0.7719813585281372,0.7716774940490723,0.935358391718918,0.03456718474626541,0.14125441014766693,0.046030573546886444,0.988061785697937,0.9525983333587646,0.9855538010597229,0.0005000000237487257
182,2.3137757778167725,1.1697317361831665,0.8007391691207886,0.9416540861129761,0.7717787623405457,0.7748176455497742,0.7756280303001404,0.9362935376970956,0.035741351544857025,0.14091765880584717,0.048588257282972336,0.9875602126121521,0.9524478316307068,0.984274685382843,0.0005000000237487257
183,3.183765172958374,1.2658915519714355,0.8534669280052185,1.0241297483444214,0.7618517279624939,0.7673217058181763,0.762965977191925,0.9396185791702945,0.03817327320575714,0.14470285177230835,0.04969033971428871,0.987033486366272,0.9514446258544922,0.9841241836547852,0.0005000000237487257
184,2.5734310150146484,1.2142709493637085,0.8140494227409363,0.9822721481323242,0.767625629901886,0.7712723016738892,0.7684359550476074,0.9359374960965177,0.03642192482948303,0.1423611342906952,0.04766250029206276,0.9875602126121521,0.9521719217300415,0.9846007227897644,0.0005000000237487257
185,2.963235855102539,1.190834403038025,0.7971971035003662,0.9573897123336792,0.7750202417373657,0.7764384150505066,0.7771474719047546,0.9371632925006015,0.03810665383934975,0.14184649288654327,0.049293290823698044,0.9874097108840942,0.9524478316307068,0.9848766326904297,0.0005000000237487257
186,2.2950286865234375,1.241678237915039,0.8356909155845642,0.9987615942955017,0.7672204375267029,0.7710697054862976,0.770867109298706,0.9347351251788928,0.035912081599235535,0.14423954486846924,0.0483345203101635,0.988061785697937,0.9514948129653931,0.9847261309623718,0.0005000000237487257
187,2.4178359508514404,1.2003138065338135,0.8317028880119324,0.9835646152496338,0.7680308222770691,0.7747163772583008,0.7723865509033203,0.9379940775386021,0.03839951753616333,0.14681357145309448,0.04973768815398216,0.9871588945388794,0.9500401020050049,0.9838984608650208,0.0005000000237487257
188,2.687124252319336,1.2342510223388672,0.838718593120575,0.9975897669792175,0.7662074565887451,0.7679294943809509,0.7693476676940918,0.9339618338436414,0.036547522991895676,0.14339858293533325,0.04849530756473541,0.9874348044395447,0.9521468877792358,0.984575629234314,0.0005000000237487257
189,1.871140956878662,1.2103906869888306,0.8110655546188354,0.9686403274536133,0.7715761661529541,0.7742098569869995,0.7736021280288696,0.9352845475914773,0.038498613983392715,0.1430206000804901,0.04942828416824341,0.9867827296257019,0.9524478316307068,0.9836727380752563,0.0005000000237487257
190,2.9315524101257324,1.221854329109192,0.8314980864524841,1.0016348361968994,0.7620543241500854,0.7644854187965393,0.7640802264213562,0.926654982528564,0.03363903984427452,0.1356113702058792,0.04576152190566063,0.9876103401184082,0.9544291496276855,0.9847762584686279,0.0005000000237487257
191,2.694594144821167,1.2278437614440918,0.8293708562850952,0.993756115436554,0.765802264213562,0.7722852230072021,0.770158052444458,0.9292726298587854,0.03558363392949104,0.13891500234603882,0.047558970749378204,0.9876856207847595,0.953125,0.9845255017280579,0.0005000000237487257
192,2.49912691116333,1.2090353965759277,0.8088312149047852,0.9677364826202393,0.7672204375267029,0.7692463397979736,0.768638551235199,0.9291812068577946,0.035837966948747635,0.13874146342277527,0.048469092696905136,0.9884380102157593,0.9534510374069214,0.9855788350105286,0.0005000000237487257
193,2.6754965782165527,1.2315707206726074,0.842197597026825,0.9922764897346497,0.772994339466095,0.7713735699653625,0.7745137810707092,0.92403903062998,0.03313838690519333,0.13616681098937988,0.044689204543828964,0.9894161224365234,0.9549558758735657,0.9858798384666443,0.0005000000237487257
194,2.7776758670806885,1.2553528547286987,0.8570489287376404,1.0107980966567993,0.7702593207359314,0.7695502638816833,0.7714748978614807,0.9220183684010759,0.03275657445192337,0.13476748764514923,0.04379240423440933,0.9895164370536804,0.9557082653045654,0.9869833588600159,0.0005000000237487257
195,2.6641578674316406,1.2468537092208862,0.8568668961524963,1.0111523866653442,0.7654983997344971,0.7670178413391113,0.7649918794631958,0.9287881377612033,0.03765059635043144,0.13771910965442657,0.04869261756539345,0.9873344898223877,0.9541783928871155,0.9851775765419006,0.0005000000237487257
196,2.4954674243927,1.213059663772583,0.8343482613563538,0.986440122127533,0.7689424753189087,0.7706645131111145,0.7712723016738892,0.925011997046861,0.03586822748184204,0.13608533143997192,0.0466163232922554,0.9872090816497803,0.9545295238494873,0.9853782057762146,0.0005000000237487257
197,2.313572883605957,1.3018544912338257,0.8726655840873718,1.0499334335327148,0.7609400153160095,0.7652958035469055,0.7626620531082153,0.9214851380733962,0.033735744655132294,0.13461191952228546,0.04460001736879349,0.9888392686843872,0.9560092091560364,0.9862560033798218,0.0005000000237487257
198,2.316394090652466,1.194602131843567,0.8155739903450012,0.9603433609008789,0.7748176455497742,0.7769448757171631,0.7757293581962585,0.9152770314132421,0.03068414144217968,0.12979109585285187,0.040825437754392624,0.9895415306091309,0.9569371938705444,0.9869080781936646,0.0005000000237487257
199,2.271383285522461,1.2862595319747925,0.8733444213867188,1.0321475267410278,0.7640802264213562,0.768638551235199,0.7662074565887451,0.9180568434644856,0.03286687657237053,0.13069108128547668,0.04421753063797951,0.9888894557952881,0.9573134183883667,0.9862810969352722,0.0005000000237487257
